{"Regression": 0.5952686893832135, "DecisionTree": 0.9900179647658786, "RandomForest": 0.9932197496522949, "GradientBoosting": 0.9884967547519703, "AdaBoost": 0.9868741307371349, "GNB": 0.7017993741307371, "k-NN": 0.9570355057848036}