{"Regression": 0.5280557084282469, "DecisionTree": 0.9896557719054242, "RandomForest": 0.9933066759388038, "GradientBoosting": 0.9879896847473343, "AdaBoost": 0.9863815484469171, "GNB": 0.7017993741307371, "k-NN": 0.9559168839079627}