{"Regression": 0.5280557082677977, "DecisionTree": 0.9894094807603152, "RandomForest": 0.993234237366713, "GradientBoosting": 0.9879896847473343, "AdaBoost": 0.9853529207232267, "GNB": 0.7017993741307371, "k-NN": 0.9567973833060701}