{"Regression": 0.5280557086270113, "DecisionTree": 0.989641284191006, "RandomForest": 0.9931038479369495, "GradientBoosting": 0.9875550533147891, "AdaBoost": 0.9853239452943904, "GNB": 0.7017993741307371, "k-NN": 0.9567946144400383}